<?xml version="1.0" encoding="UTF-8" standalone="yes" ?><fileEntries xmlns="http://schemas.mathworks.com/matlab/compiler/2011/fileManifest" encoding="IBM437" platform="win64"><fileEntry content="/CascadeTrainer/Dnld051215Test/distributeObjects.m" date="2015-05-03T21:25:14Z" name="CascadeTrainer/Dnld051215Test/distributeObjects.m" permissions="33206" type="File"/><fileEntry content="/CascadeTrainer/Dnld051215Test/imgformats.m" date="2015-05-03T21:25:14Z" name="CascadeTrainer/Dnld051215Test/imgformats.m" permissions="33206" type="File"/><fileEntry content="/CascadeTrainer/Dnld051215Test/sliderPanel.m" date="2015-05-03T21:25:14Z" name="CascadeTrainer/Dnld051215Test/sliderPanel.m" permissions="33206" type="File"/><fileEntry content="/Icons/DefaultD.png" date="2012-01-04T03:35:24Z" name="Icons/DefaultD.png" permissions="33206" type="File"/><fileEntry content="/Icons/distance_tool.gif" date="2005-05-27T18:05:04Z" name="Icons/distance_tool.gif" permissions="33206" type="File"/><fileEntry content="/Icons/file_open.png" date="2012-01-04T20:25:13Z" name="Icons/file_open.png" permissions="33206" type="File"/><fileEntry content="/Icons/logo.png" date="2012-01-02T16:18:48Z" name="Icons/logo.png" permissions="33206" type="File"/><fileEntry content="/Icons/tool_zoom_in.png" date="2010-12-15T22:53:00Z" name="Icons/tool_zoom_in.png" permissions="33206" type="File"/><fileEntry content="/ImageEditor/markImagePoints.m" date="2015-05-02T00:54:57Z" name="ImageEditor/markImagePoints.m" permissions="33206" type="File"/><fileEntry content="/ImageRegistrationApp/ImageRegistrationApp.m" date="2015-06-02T22:49:34Z" name="ImageRegistrationApp/ImageRegistrationApp.m" permissions="33206" type="File"/><fileEntry content="/Shared_Utilities/createUniqueName.m" date="2015-06-02T20:06:06Z" name="Shared_Utilities/createUniqueName.m" permissions="33206" type="File"/><fileEntry content="/Shared_Utilities/expandAxes.m" date="2015-06-02T20:45:50Z" name="Shared_Utilities/expandAxes.m" permissions="33206" type="File"/></fileEntries>