<?xml version="1.0" encoding="UTF-8" standalone="yes" ?>
<appProperties xmlns="http://schemas.mathworks.com/matlab/app/2012/appProperties" signature="C752B4A24961B8E23F117EC711B14B34FE507B0D">

  <entryPoint>ImageRegistrationApp</entryPoint>

  <name>ImageRegistrationApp</name>

  <version>1.0</version>

  <createdByMATLABRelease>(R2015a)</createdByMATLABRelease>

  <GUID>41cb6275-15bc-4ad1-a957-e6e838964b00</GUID>

  <summary>Interactive App for manipulating inputs to the IMREGISTER function of the Image Processing Toolbox.</summary>

  <description>Interactively try all options for using IMREGISTER. See the results live, with several different visualization options. When you're done, export the results and generate code!

Updated to call IMREGTFORM and IMWARP, and to provide code for generating the TFORM structure. (Update requires R2013a or later.)

NOTE: Besides the R2013a changes, this is otherwise identical to ImageRegistrationGUI. I renamed it ImageRegistrationApp moving forward.</description>

  <author>
    <name>Brett Shoelson, PhD</name>
    <contact>brett.shoelson@mathworks.com</contact>
    <organization>MathWorks</organization>
  </author>

  <supportedPlatforms/>

  <requiredProducts>
    <product identifier="'17'" name="Image Processing Toolbox" version="9.2"/>
    <product identifier="'1'" name="MATLAB" version="8.5"/>
  </requiredProducts>

  <numFiles>12</numFiles>

  <created>2015-06-02T18:51:20Z</created>

  <appEntries>
    <appFile>/ImageRegistrationApp/ImageRegistrationApp.m</appFile>
    <appFile>/Icons/DefaultD.png</appFile>
    <appFile>/Icons/distance_tool.gif</appFile>
    <appFile>/Icons/file_open.png</appFile>
    <appFile>/Icons/logo.png</appFile>
    <appFile>/Icons/tool_zoom_in.png</appFile>
    <appFile>/Shared_Utilities/createUniqueName.m</appFile>
    <appFile>/CascadeTrainer/Dnld051215Test/distributeObjects.m</appFile>
    <appFile>/Shared_Utilities/expandAxes.m</appFile>
    <appFile>/CascadeTrainer/Dnld051215Test/imgformats.m</appFile>
    <appFile>/ImageEditor/markImagePoints.m</appFile>
    <appFile>/CascadeTrainer/Dnld051215Test/sliderPanel.m</appFile>
  </appEntries>

</appProperties>
