<?xml version="1.0" encoding="UTF-8" standalone="yes" ?><cp:coreProperties xmlns:cp="http://schemas.openxmlformats.org/package/2006/metadata/core-properties" xmlns:dc="http://purl.org/dc/elements/1.1/" xmlns:dcmitype="http://purl.org/dc/dcmitype/" xmlns:dcterms="http://purl.org/dc/terms/" xmlns:xsi="http://www.w3.org/2001/XMLSchema-instance"><dcterms:created xsi:type="dcterms:W3CDTF">2015-06-02T18:51:20Z</dcterms:created><dc:creator>Brett Shoelson, PhD</dc:creator><dc:description>Interactively try all options for using IMREGISTER. See the results live, with several different visualization options. When you're done, export the results and generate code!

Updated to call IMREGTFORM and IMWARP, and to provide code for generating the TFORM structure. (Update requires R2013a or later.)

NOTE: Besides the R2013a changes, this is otherwise identical to ImageRegistrationGUI. I renamed it ImageRegistrationApp moving forward.</dc:description><dc:title>ImageRegistrationApp</dc:title><cp:version>1.0</cp:version></cp:coreProperties>